<?xml version="1.0"?>
<faces-config version="2.0" xmlns="http://java.sun.com/xml/ns/javaee"
 xmlns:xi="http://www.w3.org/2001/XInclude"
 xmlns:xsi="http://www.w3.org/2001/XMLSchema-instance" xsi:schemaLocation="http://java.sun.com/xml/ns/javaee http://java.sun.com/xml/ns/javaee/web-facesconfig_2_0.xsd">
 <converter>
  <converter-for-class>java.lang.String</converter-for-class>
  <converter-class>de.unimuenster.pi.laundry.web.EmptyStringToNullConverter</converter-class>
 </converter>
 <navigation-rule>
  <navigation-case>
   <from-outcome>customerDetails</from-outcome>
   <to-view-id>/customer/details.xhtml</to-view-id>
  </navigation-case>
  <navigation-case>
   <from-outcome>ownerDetails</from-outcome>
   <to-view-id>/owner/details.xhtml</to-view-id>
  </navigation-case>
  <navigation-case>
   <from-outcome>textileDetails</from-outcome>
   <to-view-id>/textile/details.xhtml</to-view-id>
  </navigation-case>
  <navigation-case>
   <from-outcome>orderDetails</from-outcome>
   <to-view-id>/order/details.xhtml</to-view-id>
  </navigation-case>
  <navigation-case>
   <from-outcome>customerList</from-outcome>
   <to-view-id>/customer/list.xhtml</to-view-id>
  </navigation-case>
 </navigation-rule>
</faces-config>
