<?xml version="1.0" encoding="UTF-8"?>
<datasources>
	<local-tx-datasource>
		<jndi-name>LaundryDS</jndi-name>
		<connection-url>jdbc:hsqldb:${jboss.server.data.dir}${/}hypersonic${/}laundryDB</connection-url>
		<driver-class>org.hsqldb.jdbcDriver</driver-class>
		<user-name>sa</user-name>
		<password></password>
		<min-pool-size>5</min-pool-size>
		<max-pool-size>20</max-pool-size>
		<idle-timeout-minutes>0</idle-timeout-minutes>
		<track-statements/>
		<prepared-statement-cache-size>32</prepared-statement-cache-size>
		<metadata>
			<type-mapping>Hypersonic SQL</type-mapping>
		</metadata>
		<depends>jboss:service=Hypersonic,database=laundryDB</depends>
	</local-tx-datasource>
	<mbean code="org.jboss.jdbc.HypersonicDatabase" 
		name="jboss:service=Hypersonic,database=laundryDB">
		<attribute name="Database">laundryDB</attribute>
		<attribute name="InProcessMode">true</attribute>
	</mbean>
</datasources>
